name,role,layer,src_type,n_elem,n_measured,sampled,rms_w,absmax_rel_mse,absmax_rms_err,absmax_max_abs_err,absmax_cos,absmax_sqnr_db
token_embd.weight,embed,-1,Q4_K,1409286144,8000000,True,0.015291932361819053,0.197486162601637,0.007517061850590725,0.25093692541122437,0.9129017123777714,7.044633289807316
blk.0.attn_k.weight,attn_k,0,Q4_0,22020096,8000000,True,0.016757823705305944,0.15219756565997844,0.006296031513187614,0.06491218507289886,0.9293371701626011,8.175922938788053
blk.0.attn_output.weight,attn_o,0,Q4_0,44040192,8000000,True,0.012042834239071399,0.1449497867439067,0.0046248157513534335,0.0620880126953125,0.9326159847620697,8.387824192604338
blk.0.attn_q.weight,attn_q,0,Q4_0,44040192,8000000,True,0.016111011392662338,0.15182326877348104,0.0061832513012238435,0.06058470159769058,0.9294366091148394,8.186616623964794
blk.0.attn_v.weight,attn_v,0,Q4_0,22020096,8000000,True,0.01688951725816294,0.15047471308328503,0.0064554056994867905,0.0724334716796875,0.9300005900778522,8.225364760906613
blk.0.ffn_down.weight,ffn_down,0,Q4_1,115605504,8000000,True,0.011511370730889783,0.15950033130156557,0.004609293128467999,0.0556773915886879,0.9280401898252382,7.9723841052346245
blk.0.ffn_gate.weight,ffn_gate,0,Q4_0,115605504,8000000,True,0.0150864613504926,0.15364594760161404,0.005909248141238485,0.04327479004859924,0.9286691242774593,8.13478889735402
blk.0.ffn_up.weight,ffn_up,0,Q4_0,115605504,8000000,True,0.01528472413634175,0.15253633970734054,0.005951034310012376,0.05192974582314491,0.9292625503458488,8.166266792399279
blk.1.attn_k.weight,attn_k,1,Q4_0,22020096,8000000,True,0.017545578172405107,0.15269701614815712,0.00697528453183262,0.0625782236456871,0.9289893690275093,8.161694494075697
blk.1.attn_output.weight,attn_o,1,Q4_0,44040192,8000000,True,0.012619128452970453,0.1480318521905255,0.004813321275640595,0.056304931640625,0.9309919061586436,8.296448268873492
blk.1.attn_q.weight,attn_q,1,Q4_0,44040192,8000000,True,0.01707788626524515,0.1507967139820516,0.007016991106047351,0.04442671313881874,0.9297585259134619,8.216081220936406
blk.1.attn_v.weight,attn_v,1,Q4_0,22020096,8000000,True,0.017166692746398527,0.15453590153335875,0.0066703536596298095,0.0843048095703125,0.9282764383433115,8.109706099184095
blk.1.ffn_down.weight,ffn_down,1,Q4_1,115605504,8000000,True,0.010833344571008135,0.1494518797895752,0.004163759157177334,0.04318323731422424,0.9316032737616697,8.254986180813386
blk.1.ffn_gate.weight,ffn_gate,1,Q4_0,115605504,8000000,True,0.016052032120930912,0.15356802444921594,0.0062940072818087655,0.04760226607322693,0.9287174993291722,8.136992026046304
blk.1.ffn_up.weight,ffn_up,1,Q4_0,115605504,8000000,True,0.016089942315265837,0.1533806310054043,0.006320870314486275,0.05192974582314491,0.9288209529686193,8.142294798823249
blk.2.attn_k.weight,attn_k,2,Q4_0,22020096,8000000,True,0.0154661315680639,0.15143706862424242,0.005930124165441881,0.06058470159769058,0.9297272489097247,8.197678056253304
blk.2.attn_output.weight,attn_o,2,Q4_0,44040192,8000000,True,0.012614118028423896,0.14730645846043183,0.0048192149615704505,0.05016401782631874,0.9314411882454889,8.317782116622013
blk.2.attn_q.weight,attn_q,2,Q4_0,44040192,8000000,True,0.015106565544490011,0.1515367115177431,0.005966704129856374,0.05737820267677307,0.9296598540997604,8.194821415632576
blk.2.attn_v.weight,attn_v,2,Q4_0,22020096,8000000,True,0.01607068187187952,0.15291363802691793,0.006342966175852118,0.09520453214645386,0.9291217093924681,8.155537791023912
blk.2.ffn_down.weight,ffn_down,2,Q4_1,115605504,8000000,True,0.013452711714803282,0.1540774305959794,0.005292161122631021,0.06826309859752655,0.9300260353042582,8.122609724787054
blk.2.ffn_gate.weight,ffn_gate,2,Q4_0,115605504,8000000,True,0.015594653803475014,0.1538418029787137,0.006121185159367929,0.03894731029868126,0.9285004196256982,8.129256389417169
blk.2.ffn_up.weight,ffn_up,2,Q4_0,115605504,8000000,True,0.01595676347812432,0.1523363599912581,0.006221218074795291,0.03633977100253105,0.9292450982863963,8.171964258897868
blk.3.attn_k.weight,attn_k,3,Q4_0,22020096,8000000,True,0.01594833792722205,0.1532758492426781,0.0062050979911696105,0.05192974582314491,0.9289633444170333,8.145262689349499
blk.3.attn_output.weight,attn_o,3,Q4_0,44040192,8000000,True,0.012478755212374534,0.1474799499988172,0.004779624537323308,0.0562286376953125,0.9313004915208974,8.312670183078621
blk.3.attn_q.weight,attn_q,3,Q4_0,44040192,8000000,True,0.015501670286054585,0.15272152892375965,0.0061047541231848655,0.06525775417685509,0.9292011816394129,8.160997367894268
blk.3.attn_v.weight,attn_v,3,Q4_0,22020096,8000000,True,0.01617199891232056,0.15666078157844796,0.006493792317888846,0.06312152370810509,0.9274361345858135,8.050397110989117
blk.3.ffn_down.weight,ffn_down,3,Q4_1,115605504,8000000,True,0.012491121137541226,0.15334525694976073,0.0049019176829944704,0.05985227972269058,0.9303191346787052,8.14329652432735
blk.3.ffn_gate.weight,ffn_gate,3,Q4_0,115605504,8000000,True,0.016548511314625914,0.15120346674000928,0.006405100214662051,0.05192974582314491,0.9296531573291408,8.204382513692282
blk.3.ffn_up.weight,ffn_up,3,Q4_0,115605504,8000000,True,0.016178882881966894,0.15150322009988268,0.0062664926472299235,0.05192974582314491,0.9295323476854132,8.195781364240634
blk.4.attn_k.weight,attn_k,4,Q4_0,22020096,8000000,True,0.016580068059553244,0.1583908847168542,0.006540625183168491,0.05369481444358826,0.926764505428546,8.00269815366978
blk.4.attn_output.weight,attn_o,4,Q4_0,44040192,8000000,True,0.014895232214912011,0.15437802427950084,0.005839318027246796,0.04978254809975624,0.9284591969032371,8.114145214446232
blk.4.attn_q.weight,attn_q,4,Q4_0,44040192,8000000,True,0.01600785909688267,0.15465314954194254,0.00619816473338204,0.0562572255730629,0.9281965001423119,8.106412310778211
blk.4.attn_v.weight,attn_v,4,Q4_0,22020096,8000000,True,0.017307091871484992,0.1600329810435215,0.00688534539385447,0.1125144511461258,0.9261486083239167,7.957905047868831
blk.4.ffn_down.weight,ffn_down,4,Q4_1,115605504,8000000,True,0.012878883736258513,0.1458203829145619,0.004929739312025599,0.04361972212791443,0.9330256011805604,8.361817656709466
blk.4.ffn_gate.weight,ffn_gate,4,Q4_0,115605504,8000000,True,0.016418768309633784,0.1509961346697646,0.006381468279687211,0.04760226607322693,0.9296650684066292,8.210341700119834
blk.4.ffn_up.weight,ffn_up,4,Q4_0,115605504,8000000,True,0.016031314632433805,0.15066506380317934,0.006223198906077026,0.030492646619677544,0.929869304234447,8.219874401636162
blk.5.attn_k.weight,attn_k,5,Q4_0,11010048,8000000,True,0.016457428737275195,0.15450276902431076,0.006461551635167451,0.07789462059736252,0.9283421267378514,8.11063732671496
blk.5.attn_output.weight,attn_o,5,Q4_0,88080384,8000000,True,0.009755379515514124,0.14874511417138253,0.0037159569628799874,0.05194005370140076,0.9307207966181968,8.27557290629709
blk.5.attn_q.weight,attn_q,5,Q4_0,88080384,8000000,True,0.015097917500233277,0.15091060131069506,0.00603788076724761,0.07323487848043442,0.9298155742666391,8.21280250423113
blk.5.ffn_down.weight,ffn_down,5,Q4_1,115605504,8000000,True,0.011662696079413563,0.14870817925112148,0.004528022510358728,0.04345187544822693,0.9319284210171137,8.276651437447763
blk.5.ffn_gate.weight,ffn_gate,5,Q4_0,115605504,8000000,True,0.01696826738758282,0.1518006927155678,0.006616052705722464,0.05192974582314491,0.9293319361628504,8.187262466100892
blk.5.ffn_up.weight,ffn_up,5,Q4_0,115605504,8000000,True,0.016407308949766778,0.15144720454163213,0.006367394610432318,0.05192974582314491,0.9295305469909905,8.197387385962173
blk.6.attn_k.weight,attn_k,6,Q4_0,22020096,8000000,True,0.016304420328317186,0.1505432419468143,0.0062124573178048295,0.0562572255730629,0.9300157593833036,8.223387356748574
blk.6.attn_output.weight,attn_o,6,Q4_0,44040192,8000000,True,0.01305188459795168,0.14837253761193492,0.004989712356685827,0.04760226607322693,0.9307555703414107,8.286464755212466
blk.6.attn_q.weight,attn_q,6,Q4_0,44040192,8000000,True,0.015822285580093652,0.15024675807518922,0.006022720088742869,0.05369481444358826,0.9301341558376537,8.23194890142167
blk.6.attn_v.weight,attn_v,6,Q4_0,22020096,8000000,True,0.01648595527268328,0.15376610542237149,0.006471678495623461,0.1384793221950531,0.928754087510711,8.131393852777425
blk.6.ffn_down.weight,ffn_down,6,Q4_1,115605504,8000000,True,0.012013106921360206,0.14697956470051254,0.004605797123494766,0.04196253418922424,0.9326741661337756,8.32743043175213
blk.6.ffn_gate.weight,ffn_gate,6,Q4_0,115605504,8000000,True,0.017178696761495076,0.1544911830847825,0.006739058631342046,0.04327479004859924,0.9282136866199047,8.11096301008661
blk.6.ffn_up.weight,ffn_up,6,Q4_0,115605504,8000000,True,0.01709812379685456,0.15664091893870632,0.006752488271360178,0.04760226607322693,0.9274491934483394,8.050947777317015
blk.7.attn_k.weight,attn_k,7,Q4_0,22020096,8000000,True,0.015117772722072664,0.15397692424726694,0.006080539443635953,0.0562572255730629,0.9286611403963395,8.12544359832298
blk.7.attn_output.weight,attn_o,7,Q4_0,44040192,8000000,True,0.012825619937235064,0.14779156089878626,0.004932363264471073,0.0496063232421875,0.931125536104399,8.303503640448954
blk.7.attn_q.weight,attn_q,7,Q4_0,44040192,8000000,True,0.014773250175542863,0.15253679485649452,0.005854675123305457,0.06090899929404259,0.9291915064419385,8.16625383362031
blk.7.attn_v.weight,attn_v,7,Q4_0,22020096,8000000,True,0.01525874998964213,0.1569831703616375,0.006404681493530172,0.12116940319538116,0.9274390462297708,8.041469043477532
blk.7.ffn_down.weight,ffn_down,7,Q4_0,115605504,8000000,True,0.012182741823724296,0.15711939767132793,0.0048414508349023805,0.06180325150489807,0.9271701363676266,8.037701944535105
blk.7.ffn_gate.weight,ffn_gate,7,Q4_0,115605504,8000000,True,0.016780183149963043,0.15470886889761784,0.006580883231903868,0.0670318603515625,0.9281940536365337,8.104847890615147
blk.7.ffn_up.weight,ffn_up,7,Q4_0,115605504,8000000,True,0.016588998523714635,0.15462386423005056,0.006524840181718845,0.0575714111328125,0.928240246260599,8.107234774060458
blk.8.attn_k.weight,attn_k,8,Q4_0,22020096,8000000,True,0.01659634342413364,0.15171695415089648,0.006567266761927136,0.06058470159769058,0.9295509167838901,8.189658847191573
blk.8.attn_output.weight,attn_o,8,Q4_0,44040192,8000000,True,0.013461489697825726,0.14894161102788,0.0051711328253441205,0.06088772416114807,0.9306077613402656,8.269839529182267
blk.8.attn_q.weight,attn_q,8,Q4_0,44040192,8000000,True,0.016207309403816927,0.1516718471357097,0.006374654814419756,0.0562572255730629,0.9295592385746407,8.190950241458735
blk.8.attn_v.weight,attn_v,8,Q4_0,22020096,8000000,True,0.016746296977840587,0.15940604619286355,0.006960603108437291,0.11242502927780151,0.9265623043219374,7.974952100515855
blk.8.ffn_down.weight,ffn_down,8,Q4_0,115605504,8000000,True,0.013445931420947842,0.15694729525776746,0.00534299415900703,0.06058470159769058,0.9273608808654376,8.042461642885527
blk.8.ffn_gate.weight,ffn_gate,8,Q4_0,115605504,8000000,True,0.016646527083441068,0.1552379153096035,0.006542613757500571,0.04760226607322693,0.9279547470651465,8.090021980346686
blk.8.ffn_up.weight,ffn_up,8,Q4_0,115605504,8000000,True,0.01640460904101656,0.15409849828369648,0.006429181455679544,0.06923966109752655,0.9284656321151342,8.122015935351941
blk.9.attn_k.weight,attn_k,9,Q4_0,22020096,8000000,True,0.01639778849976738,0.151472665772897,0.006287907655692414,0.0562572255730629,0.9296656457448915,8.196657313533755
blk.9.attn_output.weight,attn_o,9,Q4_0,44040192,8000000,True,0.013219775020126516,0.14878766208828215,0.005062083838811399,0.06058470159769058,0.930649042899644,8.274330802762531
blk.9.attn_q.weight,attn_q,9,Q4_0,44040192,8000000,True,0.01602320023122258,0.15012573176671773,0.006293507873784494,0.06058470159769058,0.9302216593092337,8.235448626766445
blk.9.attn_v.weight,attn_v,9,Q4_0,22020096,8000000,True,0.016678190521502736,0.1576460051180427,0.006610084661623869,0.12116940319538116,0.9272415728883191,8.023170301629674
blk.9.ffn_down.weight,ffn_down,9,Q4_0,115605504,8000000,True,0.013828421528394133,0.16549780782377727,0.0056301653136068145,0.06058470159769058,0.9241130491679631,7.812077544945602
blk.9.ffn_gate.weight,ffn_gate,9,Q4_0,115605504,8000000,True,0.016850249334579882,0.15148916675421692,0.006550206711528787,0.04760226607322693,0.9294907766321711,8.196184231820423
blk.9.ffn_up.weight,ffn_up,9,Q4_0,115605504,8000000,True,0.01671041340067338,0.15254173820231867,0.006522623253773241,0.05192974582314491,0.9290926912121426,8.166113091642025
blk.10.attn_k.weight,attn_k,10,Q4_0,22020096,8000000,True,0.016767852877261694,0.15091728818280775,0.006575044272965433,0.05192974582314491,0.9298964313012921,8.21261007193701
blk.10.attn_output.weight,attn_o,10,Q4_0,44040192,8000000,True,0.013567959592762002,0.14818436249880682,0.005170782900428837,0.0563812255859375,0.9309086876252206,8.291976238789525
blk.10.attn_q.weight,attn_q,10,Q4_0,44040192,8000000,True,0.016276736381979025,0.15013412472228274,0.006497685287437771,0.0562572255730629,0.9302069028877011,8.235205836116219
blk.10.attn_v.weight,attn_v,10,Q4_0,22020096,8000000,True,0.016851109346357186,0.155908915503317,0.006883376823055869,0.1125144511461258,0.9279413012101436,8.071290493834171
blk.10.ffn_down.weight,ffn_down,10,Q4_0,115605504,8000000,True,0.012727557893658781,0.1558476828663418,0.005030242545000885,0.05192974582314491,0.9278953108063932,8.072996504024927
blk.10.ffn_gate.weight,ffn_gate,10,Q4_0,115605504,8000000,True,0.017481808724878166,0.15191059468114437,0.006815042802872763,0.0562572255730629,0.9292641068164499,8.184119361365294
blk.10.ffn_up.weight,ffn_up,10,Q4_0,115605504,8000000,True,0.017309369572154704,0.1526275195951653,0.006764508801238493,0.05192974582314491,0.9290165503300087,8.16367153597463
blk.11.attn_k.weight,attn_k,11,Q4_0,11010048,8000000,True,0.015855746748025836,0.15503824970119015,0.0062715220502609975,0.06058470159769058,0.9282064967270127,8.095611432177526
blk.11.attn_output.weight,attn_o,11,Q4_0,88080384,8000000,True,0.010382774118955877,0.14915688914421144,0.004005271956249706,0.04327479004859924,0.9305263612959862,8.263566829776089
blk.11.attn_q.weight,attn_q,11,Q4_0,88080384,8000000,True,0.014599766088969407,0.15021680986110458,0.0054708635944136635,0.041979290544986725,0.9301167964375626,8.232814653249902
blk.11.ffn_down.weight,ffn_down,11,Q4_0,115605504,8000000,True,0.013237189354933239,0.15246033654754915,0.005195450989316123,0.04760226607322693,0.9293055702784271,8.168431258844825
blk.11.ffn_gate.weight,ffn_gate,11,Q4_0,115605504,8000000,True,0.0168586321225002,0.15099804203054995,0.006560771675690319,0.03894731029868126,0.9296675910418687,8.210286841031282
blk.11.ffn_up.weight,ffn_up,11,Q4_0,115605504,8000000,True,0.01642923665839943,0.15173837958861314,0.006412605972798206,0.032972199842333794,0.9293913213743674,8.189045580700359
blk.12.attn_k.weight,attn_k,12,Q4_0,22020096,8000000,True,0.014932926922211147,0.15385198533858163,0.006026929920638064,0.0562572255730629,0.9289318913630757,8.128968951524504
blk.12.attn_output.weight,attn_o,12,Q4_0,44040192,8000000,True,0.01254750048061217,0.15055284783107917,0.004808826060745625,0.06119289994239807,0.9299453976896287,8.223110250358086
blk.12.attn_q.weight,attn_q,12,Q4_0,44040192,8000000,True,0.014691357615451543,0.15379302415208215,0.0064248008339677105,0.0672607421875,0.9289247129096133,8.130633631104327
blk.12.attn_v.weight,attn_v,12,Q4_0,22020096,8000000,True,0.015464594342069262,0.1569059342705645,0.005980476728514534,0.08654958009719849,0.9276383011783608,8.043606308412105
blk.12.ffn_down.weight,ffn_down,12,Q4_0,115605504,8000000,True,0.013574994989615334,0.1552360423139862,0.005393579800379766,0.06491218507289886,0.9281095755232767,8.09007437969557
blk.12.ffn_gate.weight,ffn_gate,12,Q4_0,115605504,8000000,True,0.017595438204787026,0.15232792318284794,0.006866640587920419,0.0664234384894371,0.9290625599406925,8.172204789839018
blk.12.ffn_up.weight,ffn_up,12,Q4_0,115605504,8000000,True,0.01728072994808154,0.15275958318463018,0.006747830983048241,0.06220599636435509,0.9289168644184911,8.159915353004353
blk.13.attn_k.weight,attn_k,13,Q4_0,22020096,8000000,True,0.017141879773697372,0.1544754596462034,0.006577832763705305,0.0562572255730629,0.9284362023807714,8.111405038556544
blk.13.attn_output.weight,attn_o,13,Q4_0,44040192,8000000,True,0.014144225978098753,0.14960754148874214,0.005413505301963479,0.0445098876953125,0.9303894471340503,8.250465137951199
blk.13.attn_q.weight,attn_q,13,Q4_0,44040192,8000000,True,0.016790345947879662,0.1551919391878839,0.006300623531862607,0.06126919388771057,0.9281435377275835,8.091308401470096
blk.13.attn_v.weight,attn_v,13,Q4_0,22020096,8000000,True,0.017552694632361653,0.15762737386363707,0.0069033509547623976,0.11489050835371017,0.9272105247020197,8.02368359907425
blk.13.ffn_down.weight,ffn_down,13,Q4_0,115605504,8000000,True,0.012564976690495073,0.15478179420180802,0.004959765755421141,0.06491218507289886,0.9281988318786388,8.102801233861765
blk.13.ffn_gate.weight,ffn_gate,13,Q4_0,115605504,8000000,True,0.01725297201653329,0.1527335796751969,0.006742131835981493,0.05178746581077576,0.9288998559716868,8.160654693981973
blk.13.ffn_up.weight,ffn_up,13,Q4_0,115605504,8000000,True,0.017019663909250173,0.15279385200640158,0.006660585288113166,0.0722808837890625,0.9289205140928934,8.158941201936488
blk.14.attn_k.weight,attn_k,14,Q4_0,22020096,8000000,True,0.015991242726374637,0.1540009274343043,0.006124570650759056,0.06058470159769058,0.9285911972430991,8.124766637194599
blk.14.attn_output.weight,attn_o,14,Q4_0,44040192,8000000,True,0.013897035883114342,0.14891284817691394,0.005356863937348666,0.0604095458984375,0.930630350044988,8.270678297722483
blk.14.attn_q.weight,attn_q,14,Q4_0,44040192,8000000,True,0.015615646294995086,0.15336388803161347,0.005869886173238915,0.05966702103614807,0.9288957780546128,8.142768898973959
blk.14.attn_v.weight,attn_v,14,Q4_0,22020096,8000000,True,0.016213244486139363,0.15793453301019877,0.006280639465598693,0.10708445310592651,0.9269951854182991,8.015228994025833
blk.14.ffn_down.weight,ffn_down,14,Q4_0,115605504,8000000,True,0.013594438012388299,0.15468501417116542,0.005426840040524009,0.06058470159769058,0.9283053281024038,8.105517585567314
blk.14.ffn_gate.weight,ffn_gate,14,Q4_0,115605504,8000000,True,0.01713239865808384,0.15338588604921038,0.006710817694207213,0.05192974582314491,0.9286553112515007,8.142146005757482
blk.14.ffn_up.weight,ffn_up,14,Q4_0,115605504,8000000,True,0.016923190247282494,0.15268162097065946,0.006622460861952434,0.04760226607322693,0.9289694766608642,8.16213237936485
blk.15.attn_k.weight,attn_k,15,Q4_0,22020096,8000000,True,0.015723659949728012,0.15253068262364167,0.006187314417998924,0.06058470159769058,0.9292488053269772,8.166427861282804
blk.15.attn_output.weight,attn_o,15,Q4_0,44040192,8000000,True,0.01293315776998258,0.1478931838118439,0.004931221964114873,0.0506744384765625,0.9310983055109759,8.30051841561723
blk.15.attn_q.weight,attn_q,15,Q4_0,44040192,8000000,True,0.015350004356133881,0.1514099772727764,0.006216513751621111,0.05192974582314491,0.9296139758627995,8.198455057359293
blk.15.attn_v.weight,attn_v,15,Q4_0,22020096,8000000,True,0.016112960382423602,0.1533811322988593,0.006276638865693306,0.09520453214645386,0.9288491412879772,8.142280604812955
blk.15.ffn_down.weight,ffn_down,15,Q4_0,115605504,8000000,True,0.012985526117438338,0.15651841210265427,0.005179519766618781,0.06058470159769058,0.9274738698475735,8.054345667166244
blk.15.ffn_gate.weight,ffn_gate,15,Q4_0,115605504,8000000,True,0.018210800706065837,0.1552415077255927,0.007182223773985837,0.0562572255730629,0.9278947296652135,8.08992147987386
blk.15.ffn_up.weight,ffn_up,15,Q4_0,115605504,8000000,True,0.01797231632637688,0.154130328435168,0.007075147596142579,0.05192974582314491,0.9283451881832274,8.12111896154592
blk.16.attn_k.weight,attn_k,16,Q4_0,22020096,8000000,True,0.017346928087304828,0.1571743789522662,0.006789536808146531,0.06182452663779259,0.9271758903586781,8.036182470149097
blk.16.attn_output.weight,attn_o,16,Q4_0,44040192,8000000,True,0.01492494197757491,0.1514633468295338,0.005804494400375765,0.05621251463890076,0.9296925931387534,8.196924509609012
blk.16.attn_q.weight,attn_q,16,Q4_0,44040192,8000000,True,0.01714480319498716,0.15368486310706064,0.006814479498860105,0.07789462059736252,0.9285982901940385,8.133689053877394
blk.16.attn_v.weight,attn_v,16,Q4_0,22020096,8000000,True,0.018055153828771636,0.1599783827635688,0.007108566807917578,0.1125144511461258,0.9268705302056295,7.959386978488599
blk.16.ffn_down.weight,ffn_down,16,Q4_0,115605504,8000000,True,0.013638955852839654,0.155907438772553,0.005375475230648246,0.0562572255730629,0.9278609634510898,8.071331629330324
blk.16.ffn_gate.weight,ffn_gate,16,Q4_0,115605504,8000000,True,0.01740282746927267,0.1525078906567292,0.00678854696329571,0.03894731029868126,0.9290174460097164,8.167076856285226
blk.16.ffn_up.weight,ffn_up,16,Q4_0,115605504,8000000,True,0.017365027218447144,0.1520789725569774,0.0067746031018546165,0.04802778735756874,0.929205319955454,8.179308302190368
blk.17.attn_k.weight,attn_k,17,Q4_0,11010048,8000000,True,0.01803456725697524,0.15921461448537036,0.006962702206504713,0.089019775390625,0.926448070295555,7.980170703983205
blk.17.attn_output.weight,attn_o,17,Q4_0,88080384,8000000,True,0.011580340761703556,0.1502898565674005,0.004456638740283261,0.04112941771745682,0.9300155173159096,8.23070330028277
blk.17.attn_q.weight,attn_q,17,Q4_0,88080384,8000000,True,0.016892009321665392,0.15245845667088095,0.0071882775231371645,0.06058470159769058,0.9292624767587542,8.168484808844486
blk.17.ffn_down.weight,ffn_down,17,Q4_0,115605504,8000000,True,0.013596742852777169,0.15534009207544952,0.005385965309786455,0.09520453214645386,0.9280956084096753,8.08716441760036
blk.17.ffn_gate.weight,ffn_gate,17,Q4_0,115605504,8000000,True,0.016943584117748833,0.15226499427242993,0.006593472574004939,0.06058470159769058,0.9291057443823121,8.173999295053642
blk.17.ffn_up.weight,ffn_up,17,Q4_0,115605504,8000000,True,0.01680003249466256,0.15240424080223458,0.006533920496773751,0.04327479004859924,0.9290885798781289,8.170029481448127
blk.18.attn_k.weight,attn_k,18,Q4_0,22020096,8000000,True,0.01706690810489741,0.15535146597605975,0.006724305398684281,0.0682544931769371,0.9279857836305662,8.086846441643374
blk.18.attn_output.weight,attn_o,18,Q4_0,44040192,8000000,True,0.015935402905946798,0.15106190046183057,0.006179027359222136,0.05598363280296326,0.9297731103271186,8.208450558834278
blk.18.attn_q.weight,attn_q,18,Q4_0,44040192,8000000,True,0.01679570159308517,0.153025480392296,0.006464934570404841,0.0730610117316246,0.9288946684660767,8.152362484476555
blk.18.attn_v.weight,attn_v,18,Q4_0,22020096,8000000,True,0.017956031615232657,0.15175607397285001,0.007091998259476949,0.10754221677780151,0.9299448168488076,8.188539174513803
blk.18.ffn_down.weight,ffn_down,18,Q4_0,115605504,8000000,True,0.0125789642574704,0.15373890725560085,0.004940530452587027,0.04825666919350624,0.9286118506870762,8.13216210131258
blk.18.ffn_gate.weight,ffn_gate,18,Q4_0,115605504,8000000,True,0.01765537541610213,0.1513860167257312,0.0068745877083161815,0.04993513599038124,0.9294212540481742,8.199142380414624
blk.18.ffn_up.weight,ffn_up,18,Q4_0,115605504,8000000,True,0.01758397539543343,0.15144709203441659,0.0068474305990491235,0.034619830548763275,0.9294591260705384,8.197390612253553
blk.19.attn_k.weight,attn_k,19,Q4_0,22020096,8000000,True,0.01585942199091643,0.15557598282798565,0.006319655774747428,0.06632586941123009,0.9279959760831715,8.080574467444393
blk.19.attn_output.weight,attn_o,19,Q4_0,44040192,8000000,True,0.013798387819435447,0.14870363969720213,0.005325526498249347,0.05699673295021057,0.9306930907423742,8.276784014776036
blk.19.attn_q.weight,attn_q,19,Q4_0,44040192,8000000,True,0.01545129742019693,0.1543237555964826,0.006282664646213079,0.0562572255730629,0.928473654861108,8.115672163194454
blk.19.attn_v.weight,attn_v,19,Q4_0,22020096,8000000,True,0.015897529119599203,0.157322464272437,0.006320454608659278,0.12116940319538116,0.9273448098916675,8.032092594937975
blk.19.ffn_down.weight,ffn_down,19,Q4_0,115605504,8000000,True,0.012725128289908318,0.1600648003407174,0.005100072467389185,0.05001142993569374,0.926155222592059,7.957041627624182
blk.19.ffn_gate.weight,ffn_gate,19,Q4_0,115605504,8000000,True,0.01760846289702294,0.15410179710559405,0.006904647038110885,0.05192974582314491,0.9283430349188143,8.121922965931185
blk.19.ffn_up.weight,ffn_up,19,Q4_0,115605504,8000000,True,0.017604012065815775,0.15412414494150362,0.006907149935572978,0.0436553955078125,0.9283435106516285,8.121293197925901
blk.20.attn_k.weight,attn_k,20,Q4_0,22020096,8000000,True,0.015475989530758526,0.15295047877995332,0.006221053838867486,0.0562572255730629,0.9290746107514858,8.154491592078
blk.20.attn_output.weight,attn_o,20,Q4_0,44040192,8000000,True,0.013065314011523567,0.14844476093509507,0.0050158586276463114,0.05867519974708557,0.9308311138983449,8.28435125364192
blk.20.attn_q.weight,attn_q,20,Q4_0,44040192,8000000,True,0.015037037143177782,0.1539243483488235,0.006132398168971299,0.04760226607322693,0.9286446630196143,8.12692676353399
blk.20.attn_v.weight,attn_v,20,Q4_0,22020096,8000000,True,0.015927916641979477,0.15403093440649696,0.00653446733202706,0.08176131546497345,0.9286138365627996,8.123920499888852
blk.20.ffn_down.weight,ffn_down,20,Q4_0,115605504,8000000,True,0.01306873333366453,0.15974202416174244,0.005222870034210447,0.0562572255730629,0.926278158900978,7.965808167314829
blk.20.ffn_gate.weight,ffn_gate,20,Q4_0,115605504,8000000,True,0.016985125803732293,0.1556703755396728,0.00669463557344968,0.06923966109752655,0.9277405846899134,8.077940268908584
blk.20.ffn_up.weight,ffn_up,20,Q4_0,115605504,8000000,True,0.016915127562796447,0.15531588516857095,0.00668417162072585,0.06058470159769058,0.9279000864805461,8.087841238706192
blk.21.attn_k.weight,attn_k,21,Q4_0,22020096,8000000,True,0.016409995021250002,0.15646631865880084,0.0064742224031540535,0.06058470159769058,0.9274566119784319,8.055791354012548
blk.21.attn_output.weight,attn_o,21,Q4_0,44040192,8000000,True,0.015334120547269476,0.15123283399383275,0.005947571857239993,0.06923966109752655,0.9296686454469492,8.203539094017241
blk.21.attn_q.weight,attn_q,21,Q4_0,44040192,8000000,True,0.016206637096588854,0.15233058881495762,0.006300023028252679,0.0731201171875,0.9291432720778817,8.172128792007317
blk.21.attn_v.weight,attn_v,21,Q4_0,22020096,8000000,True,0.01727433029820449,0.15767133406231257,0.00690469701885214,0.08964688330888748,0.927178548992597,8.022472577820315
blk.21.ffn_down.weight,ffn_down,21,Q4_0,115605504,8000000,True,0.012689936494040524,0.15655103260815395,0.004999452548957407,0.04955366626381874,0.9274432513329237,8.053440634380323
blk.21.ffn_gate.weight,ffn_gate,21,Q4_0,115605504,8000000,True,0.01690620443262838,0.15380122080173983,0.006609312188493617,0.0562572255730629,0.928526463980104,8.130402172956092
blk.21.ffn_up.weight,ffn_up,21,Q4_0,115605504,8000000,True,0.016979157668113348,0.15426599787927286,0.006655667866009163,0.05192974582314491,0.9282829853276028,8.117297872271434
blk.22.attn_k.weight,attn_k,22,Q4_0,22020096,8000000,True,0.017381592462559454,0.1570281766910038,0.006822097868306628,0.06058470159769058,0.9271675592649512,8.04022412027257
blk.22.attn_output.weight,attn_o,22,Q4_0,44040192,8000000,True,0.015364356996337565,0.15002882239025375,0.0059406557161333275,0.0563812255859375,0.9301338707968164,8.238252995937096
blk.22.attn_q.weight,attn_q,22,Q4_0,44040192,8000000,True,0.017062289775780448,0.15889866355624419,0.006685450434318057,0.07789462059736252,0.9265034974036975,7.988797554835539
blk.22.attn_v.weight,attn_v,22,Q4_0,22020096,8000000,True,0.018298293083546746,0.1732703095031642,0.007582374878848801,0.11124688386917114,0.9211987527400664,7.612758488477127
blk.22.ffn_down.weight,ffn_down,22,Q4_0,115605504,8000000,True,0.012596167646868921,0.1581424482626428,0.005026057954698978,0.04443359375,0.9268528970827761,8.00951542010469
blk.22.ffn_gate.weight,ffn_gate,22,Q4_0,115605504,8000000,True,0.017416884680914426,0.15374908389241362,0.006848947409098809,0.06380816921591759,0.9284915502929157,8.131874632706264
blk.22.ffn_up.weight,ffn_up,22,Q4_0,115605504,8000000,True,0.017620518894587312,0.15421260896853425,0.006939621826321452,0.0562572255730629,0.928288939473063,8.118801153798605
blk.23.attn_k.weight,attn_k,23,Q4_0,11010048,8000000,True,0.01741877580229985,0.17563178771456603,0.007101452133616535,0.08654958009719849,0.9200798747430661,7.55396878067478
blk.23.attn_output.weight,attn_o,23,Q4_0,88080384,8000000,True,0.01237848367053202,0.1530967430819448,0.004838569827102085,0.04760226607322693,0.9289155451573741,8.150340482082356
blk.23.attn_q.weight,attn_q,23,Q4_0,88080384,8000000,True,0.01683289005774134,0.15517785698940575,0.006609976769922205,0.08960433304309845,0.9279842744534671,8.091702500455993
blk.23.ffn_down.weight,ffn_down,23,Q4_0,115605504,8000000,True,0.01328651745858665,0.15760242170004,0.005270312606069534,0.05192974582314491,0.9270413980318454,8.024371134779116
blk.23.ffn_gate.weight,ffn_gate,23,Q4_0,115605504,8000000,True,0.017248328765200525,0.15877210696319177,0.006908606564009025,0.07729972898960114,0.9265315899624347,7.992257919339901
blk.23.ffn_up.weight,ffn_up,23,Q4_0,115605504,8000000,True,0.017309888863695572,0.15777161146521324,0.006891202460050816,0.06058470159769058,0.9268990384373277,8.01971138598998
blk.24.attn_k.weight,attn_k,24,Q4_0,22020096,8000000,True,0.01723850478540106,0.1606693722350475,0.006906878536546437,0.06640216335654259,0.9258248286066759,7.940669031808652
blk.24.attn_output.weight,attn_o,24,Q4_0,44040192,8000000,True,0.015107583041080662,0.1500972966077372,0.005846691576864995,0.05377110838890076,0.9301777932559088,8.23627129734845
blk.24.attn_q.weight,attn_q,24,Q4_0,44040192,8000000,True,0.017007756167652658,0.15832611454712933,0.006880356534197039,0.07666015625,0.9267083993550727,8.004474460452236
blk.24.attn_v.weight,attn_v,24,Q4_0,22020096,8000000,True,0.017864125940136907,0.1554316380898498,0.007173412802931752,0.15089480578899384,0.9279163279804118,8.084605759512435
blk.24.ffn_down.weight,ffn_down,24,Q4_0,115605504,8000000,True,0.012672850824124515,0.15819164277598446,0.005007737075140861,0.05192974582314491,0.9266995381398563,8.00816463898677
blk.24.ffn_gate.weight,ffn_gate,24,Q4_0,115605504,8000000,True,0.01705851955274418,0.158026095468073,0.006773328841909828,0.08654958009719849,0.926799561664529,8.01271190374728
blk.24.ffn_up.weight,ffn_up,24,Q4_0,115605504,8000000,True,0.017212821882665163,0.15707013934887065,0.006817314243529591,0.0562572255730629,0.9271522594400572,8.03906370966638
blk.25.attn_k.weight,attn_k,25,Q4_0,22020096,8000000,True,0.017569356348466476,0.15718967498603947,0.007070353962413549,0.06491218507289886,0.927164476758988,8.03575984020876
blk.25.attn_output.weight,attn_o,25,Q4_0,44040192,8000000,True,0.015705965694576492,0.14994189307630834,0.0060861801692967295,0.0562572255730629,0.9302242880118197,8.240770103139392
blk.25.attn_q.weight,attn_q,25,Q4_0,44040192,8000000,True,0.017434512261295793,0.15702311036525926,0.006854950288110356,0.07783378660678864,0.9272610745868654,8.04036424243766
blk.25.attn_v.weight,attn_v,25,Q4_0,22020096,8000000,True,0.01817410455532287,0.1562868051665399,0.0072760238809167575,0.07789462059736252,0.927604105844126,8.060776866337672
blk.25.ffn_down.weight,ffn_down,25,Q4_0,115605504,8000000,True,0.012612722782230424,0.1582673477215267,0.004980808089632154,0.06491218507289886,0.9267268795066534,8.006086755803405
blk.25.ffn_gate.weight,ffn_gate,25,Q4_0,115605504,8000000,True,0.016875104191896525,0.15880165504430105,0.006741842190267062,0.12116940319538116,0.9265009745856897,7.9914497563145614
blk.25.ffn_up.weight,ffn_up,25,Q4_0,115605504,8000000,True,0.016961077892360586,0.15821281351696043,0.006757605469864118,0.09193570166826248,0.9267321507207574,8.007583462848793
blk.26.attn_k.weight,attn_k,26,Q4_0,22020096,8000000,True,0.01608339427851668,0.16221230324258756,0.0062293106414869955,0.06762286648154259,0.9252101040364871,7.899162091401069
blk.26.attn_output.weight,attn_o,26,Q4_0,44040192,8000000,True,0.014157955481293536,0.15034346084165007,0.005501677941868272,0.04760226607322693,0.9300850907472665,8.229154567031221
blk.26.attn_q.weight,attn_q,26,Q4_0,44040192,8000000,True,0.01591990553694043,0.1561536826861964,0.006012286164764994,0.07852043211460114,0.9275747715086055,8.064477690294664
blk.26.attn_v.weight,attn_v,26,Q4_0,22020096,8000000,True,0.016548952277534463,0.15700542186505265,0.006541934593381879,0.08903653174638748,0.9274044226243203,8.04085349849261
blk.26.ffn_down.weight,ffn_down,26,Q4_0,115605504,8000000,True,0.012153597243556427,0.15623264588104482,0.004759303165735648,0.04760226607322693,0.9274547462400549,8.062282121706
blk.26.ffn_gate.weight,ffn_gate,26,Q4_0,115605504,8000000,True,0.0160862368913408,0.15526493278804734,0.006336053903977243,0.06923966109752655,0.9279601310870239,8.08926620358621
blk.26.ffn_up.weight,ffn_up,26,Q4_0,115605504,8000000,True,0.016146209105644373,0.15438505178359382,0.006341728908677571,0.0672607421875,0.9282887418907327,8.113947522009132
blk.27.attn_k.weight,attn_k,27,Q4_0,22020096,8000000,True,0.016845891848665216,0.1646612549327567,0.006847039328428576,0.06479999050498009,0.9243223440495957,7.834085790235234
blk.27.attn_output.weight,attn_o,27,Q4_0,44040192,8000000,True,0.015016848214305498,0.1505077641488353,0.005818949807045127,0.06035366654396057,0.9300211474724708,8.224410958175026
blk.27.attn_q.weight,attn_q,27,Q4_0,44040192,8000000,True,0.01671874712919949,0.1581910644062247,0.006511723831227265,0.0687885507941246,0.92676549192681,8.008180517401707
blk.27.attn_v.weight,attn_v,27,Q4_0,22020096,8000000,True,0.01705362126880816,0.15848860673742465,0.006812486413790704,0.09788662940263748,0.9268037327077612,8.000019524299049
blk.27.ffn_down.weight,ffn_down,27,Q4_0,115605504,8000000,True,0.012379857100418496,0.15864002638375682,0.004915401727078916,0.05192974582314491,0.9265631912814926,7.995872265743181
blk.27.ffn_gate.weight,ffn_gate,27,Q4_0,115605504,8000000,True,0.01696128546228746,0.1584946458346412,0.006749634729389272,0.08654958009719849,0.926670761575343,7.999854042585055
blk.27.ffn_up.weight,ffn_up,27,Q4_0,115605504,8000000,True,0.01690023455281686,0.15873696804564402,0.006719012669302268,0.06923966109752655,0.9265599722949239,7.993219191898987
blk.28.attn_k.weight,attn_k,28,Q4_0,22020096,8000000,True,0.015812600965341116,0.1564507709709242,0.00605990051842725,0.0562572255730629,0.9274612083231518,8.056222923605933
blk.28.attn_output.weight,attn_o,28,Q4_0,44040192,8000000,True,0.01406899421591695,0.15251056854032258,0.005482685284473864,0.06187954545021057,0.9291991259095066,8.16700059925666
blk.28.attn_q.weight,attn_q,28,Q4_0,44040192,8000000,True,0.015807712704032403,0.15725797490602175,0.006203679452162151,0.06923966109752655,0.9272119096240472,8.033873212731063
blk.28.attn_v.weight,attn_v,28,Q4_0,22020096,8000000,True,0.015759360785328722,0.1678767687375962,0.006415591680241473,0.088531494140625,0.9233232291760589,7.750093986036074
blk.28.ffn_down.weight,ffn_down,28,Q4_0,115605504,8000000,True,0.012447766503393033,0.16429676578466754,0.0050432840348026975,0.06491218507289886,0.9244413048812482,7.843709856562166
blk.28.ffn_gate.weight,ffn_gate,28,Q4_0,115605504,8000000,True,0.01661861689701881,0.16107417705003396,0.006676950455290627,0.06923966109752655,0.9256402471552291,7.929740788457611
blk.28.ffn_up.weight,ffn_up,28,Q4_0,115605504,8000000,True,0.01675296392583178,0.16277836288152303,0.0067517834158405945,0.07789462059736252,0.9250434813417857,7.884033236830936
blk.29.attn_k.weight,attn_k,29,Q4_0,11010048,8000000,True,0.016845147311300195,0.17275006025075657,0.007087592586357578,0.0562572255730629,0.9212916422677693,7.625817924830459
blk.29.attn_output.weight,attn_o,29,Q4_0,88080384,8000000,True,0.013295354510740999,0.15532948297343604,0.00522014044794897,0.06491218507289886,0.9280868261214511,8.087461033351255
blk.29.attn_q.weight,attn_q,29,Q4_0,88080384,8000000,True,0.01681507398616357,0.15617539587321166,0.0070609078140429285,0.06624957546591759,0.9275580550349188,8.063873845313982
blk.29.ffn_down.weight,ffn_down,29,Q4_0,115605504,8000000,True,0.012364114714204563,0.16415614058994038,0.004963471808660561,0.05192974582314491,0.9244702013268958,7.847428669739518
blk.29.ffn_gate.weight,ffn_gate,29,Q4_0,115605504,8000000,True,0.01585078527370233,0.1599371060439554,0.0063396385264331695,0.08654958009719849,0.9261065442885296,7.960507665187792
blk.29.ffn_up.weight,ffn_up,29,Q4_0,115605504,8000000,True,0.016104279620902603,0.16324231181040202,0.006496981807381078,0.06195583939552307,0.9248790820736221,7.871672634491742
blk.30.attn_k.weight,attn_k,30,Q4_0,22020096,8000000,True,0.016712502191420363,0.16253299558182868,0.006662767257167354,0.06502887234091759,0.9251462921739056,7.890584602575293
blk.30.attn_output.weight,attn_o,30,Q4_0,44040192,8000000,True,0.014614394440116422,0.1508529915945675,0.0056437886717156,0.05745449662208557,0.9298662280739735,8.214460728265466
blk.30.attn_q.weight,attn_q,30,Q4_0,44040192,8000000,True,0.01675859695418592,0.15620955407817305,0.006719751658024928,0.0676422119140625,0.9275931231734909,8.06292407356679
blk.30.attn_v.weight,attn_v,30,Q4_0,22020096,8000000,True,0.017312003431885617,0.16753693481017942,0.007125937871477544,0.10230523347854614,0.9232847150811863,7.758894345018474
blk.30.ffn_down.weight,ffn_down,30,Q4_0,115605504,8000000,True,0.01304647120685533,0.15722879025546468,0.00513973382923526,0.04327479004859924,0.927178831819896,8.034679270990658
blk.30.ffn_gate.weight,ffn_gate,30,Q4_0,115605504,8000000,True,0.017667452876287723,0.15336448556828836,0.006913398712626623,0.0595703125,0.9286721638529218,8.142751978016983
blk.30.ffn_up.weight,ffn_up,30,Q4_0,115605504,8000000,True,0.017789409720616597,0.1541379863243193,0.007006575941484496,0.06058470159769058,0.928393032330811,8.120903189840371
blk.31.attn_k.weight,attn_k,31,Q4_0,22020096,8000000,True,0.01585724989793446,0.15648907000192963,0.006269926655438308,0.0562572255730629,0.9275145832293492,8.055159904090154
blk.31.attn_output.weight,attn_o,31,Q4_0,44040192,8000000,True,0.015203401120023668,0.1505020242215105,0.005857109932907352,0.06923966109752655,0.9300026506139296,8.224576588587079
blk.31.attn_q.weight,attn_q,31,Q4_0,44040192,8000000,True,0.01599469024890403,0.15367075551379714,0.0062130376723472415,0.06472369655966759,0.9286876524150113,8.13408773537468
blk.31.attn_v.weight,attn_v,31,Q4_0,22020096,8000000,True,0.01641290215422031,0.16134245446376005,0.006613244304274776,0.07199569046497345,0.9258475377435434,7.922513405258248
blk.31.ffn_down.weight,ffn_down,31,Q4_0,115605504,8000000,True,0.012862648538820999,0.15343882560949268,0.005003533212554115,0.05192974582314491,0.9286676886245473,8.140647341649963
blk.31.ffn_gate.weight,ffn_gate,31,Q4_0,115605504,8000000,True,0.017840526304561802,0.15277362915380358,0.0069700289237507925,0.06058470159769058,0.9289185847814108,8.159516045389799
blk.31.ffn_up.weight,ffn_up,31,Q4_0,115605504,8000000,True,0.017737764298979063,0.15335240703640582,0.006953507340070512,0.06491218507289886,0.9286921992361559,8.143094028935943
blk.32.attn_k.weight,attn_k,32,Q4_0,22020096,8000000,True,0.01618856507680543,0.16346800350542287,0.006355149703182379,0.06411334499716759,0.9247874879450415,7.86567241541353
blk.32.attn_output.weight,attn_o,32,Q4_0,44040192,8000000,True,0.01489080875146471,0.15016663021986446,0.005735023777076554,0.06058470159769058,0.9301689633719675,8.234265648117749
blk.32.attn_q.weight,attn_q,32,Q4_0,44040192,8000000,True,0.016263835654854033,0.15616338496709875,0.006330154020943893,0.06491218507289886,0.9276459883934987,8.064207858928047
blk.32.attn_v.weight,attn_v,32,Q4_0,22020096,8000000,True,0.016906766458678817,0.15759450203451106,0.006809962943949696,0.06747027859091759,0.927211564194491,8.024589377203421
blk.32.ffn_down.weight,ffn_down,32,Q4_0,115605504,8000000,True,0.013130844396507253,0.15218876891738686,0.0050869260266712575,0.04327479004859924,0.9291940673855703,8.176173960357247
blk.32.ffn_gate.weight,ffn_gate,32,Q4_0,115605504,8000000,True,0.017738992244952363,0.15250811751733434,0.006919668638688789,0.06495257839560509,0.9290117845321696,8.167070396013873
blk.32.ffn_up.weight,ffn_up,32,Q4_0,115605504,8000000,True,0.017966526342472384,0.1530837635404511,0.00703585694335622,0.06923966109752655,0.9287804682363436,8.150708692541858
blk.33.attn_k.weight,attn_k,33,Q4_0,22020096,8000000,True,0.015488714846105367,0.16302562688808536,0.0061412990894460055,0.06058470159769058,0.9249176468000049,7.877441211096898
blk.33.attn_output.weight,attn_o,33,Q4_0,44040192,8000000,True,0.014918902836600778,0.1506639160012991,0.005758685617775398,0.06518146023154259,0.9299527147404129,8.219907487336929
blk.33.attn_q.weight,attn_q,33,Q4_0,44040192,8000000,True,0.015613425909071148,0.1554651980566111,0.006150173045409024,0.06142178177833557,0.9278849829014041,8.083668155346722
blk.33.attn_v.weight,attn_v,33,Q4_0,22020096,8000000,True,0.016147388199263125,0.15553068279358218,0.006158838909064315,0.06170654296875,0.9279703456959635,8.08183921405927
blk.33.ffn_down.weight,ffn_down,33,Q4_0,115605504,8000000,True,0.012633977432104848,0.1519858921288276,0.004903686445388293,0.04760226607322693,0.9292298659401026,8.181967229430985
blk.33.ffn_gate.weight,ffn_gate,33,Q4_0,115605504,8000000,True,0.01652512347759614,0.15349491616763508,0.006433864306756095,0.07354005426168442,0.9286621100180803,8.139060040102844
blk.33.ffn_up.weight,ffn_up,33,Q4_0,115605504,8000000,True,0.016492250917480408,0.1531539550147597,0.006452587096463153,0.0562572255730629,0.9288443658828804,8.14871783585402
blk.34.attn_k.weight,attn_k,34,Q4_0,22020096,8000000,True,0.016523843513411386,0.15682235780136589,0.0064283485745060195,0.06058470159769058,0.9273387835390672,8.045920208762555
blk.34.attn_output.weight,attn_o,34,Q4_0,44040192,8000000,True,0.015442480545359853,0.15119521440470915,0.005970238757295532,0.07789462059736252,0.9297240025555772,8.20461954803853
blk.34.attn_q.weight,attn_q,34,Q4_0,44040192,8000000,True,0.016676480662495403,0.15291682885119157,0.00636726063676399,0.06655475124716759,0.9289610086067566,8.15544716843886
blk.34.attn_v.weight,attn_v,34,Q4_0,22020096,8000000,True,0.01718335304066878,0.16433492482626058,0.0069331260687239245,0.0723743662238121,0.9245933136196329,7.84270129520022
blk.34.ffn_down.weight,ffn_down,34,Q4_0,115605504,8000000,True,0.01194322527734302,0.15261371678928584,0.004636179623488019,0.04327479004859924,0.92891032839957,8.164064306132644
blk.34.ffn_gate.weight,ffn_gate,34,Q4_0,115605504,8000000,True,0.017013273200638106,0.1538522183164682,0.0066972443051654075,0.06104031205177307,0.9284704535774132,8.128962375013078
blk.34.ffn_up.weight,ffn_up,34,Q4_0,115605504,8000000,True,0.016996384680406623,0.15267474904236242,0.006634599841724432,0.06491218507289886,0.9290160510090981,8.162327851988515
blk.35.attn_k.weight,attn_k,35,Q4_0,11010048,8000000,True,0.01671427875389668,0.16976959373338582,0.006709570589158421,0.05575475096702576,0.9225059138639171,7.701400906308659
blk.35.attn_output.weight,attn_o,35,Q4_0,88080384,8000000,True,0.012584221441173606,0.15314453121239188,0.004924481634244451,0.06923966109752655,0.9289580587600359,8.14898507226244
blk.35.attn_q.weight,attn_q,35,Q4_0,88080384,8000000,True,0.01682233661931875,0.15541910313000284,0.006845202334524482,0.0721282958984375,0.9278938138462643,8.084956015321637
blk.35.ffn_down.weight,ffn_down,35,Q4_0,115605504,8000000,True,0.012002897719611886,0.1528169872897849,0.004651047969540679,0.04760226607322693,0.9288637013063514,8.15828366466111
blk.35.ffn_gate.weight,ffn_gate,35,Q4_0,115605504,8000000,True,0.017009435716861417,0.1573172054983856,0.0067553482366315525,0.08654958009719849,0.9271688905192295,8.032237767767198
blk.35.ffn_up.weight,ffn_up,35,Q4_0,115605504,8000000,True,0.016927073729736165,0.15442047810920123,0.006648456115022096,0.0562572255730629,0.9283262490795758,8.112951072379605
blk.36.attn_k.weight,attn_k,36,Q4_0,22020096,8000000,True,0.015324354774014918,0.16083847936889173,0.006054421422271369,0.05192974582314491,0.9258189790150371,7.936100415428966
blk.36.attn_output.weight,attn_o,36,Q4_0,44040192,8000000,True,0.01482392674458663,0.15025597875139501,0.005722730620089041,0.06636842340230942,0.9301494899563625,8.231682382132085
blk.36.attn_q.weight,attn_q,36,Q4_0,44040192,8000000,True,0.015579995310272857,0.1559300817579576,0.006000844263092316,0.0693989023566246,0.9277240127774882,8.070700933985158
blk.36.attn_v.weight,attn_v,36,Q4_0,22020096,8000000,True,0.015713210522096715,0.16549895335287418,0.006364709483757873,0.0673370361328125,0.9242980477720197,7.812047484411844
blk.36.ffn_down.weight,ffn_down,36,Q4_0,115605504,8000000,True,0.012567522745919737,0.1540463163498686,0.00489313202708345,0.04760226607322693,0.9284252071703929,8.123486823392687
blk.36.ffn_gate.weight,ffn_gate,36,Q4_0,115605504,8000000,True,0.016221666793971322,0.15704452517611805,0.0064311246402430425,0.08654958009719849,0.9272923110716068,8.039771992033675
blk.36.ffn_up.weight,ffn_up,36,Q4_0,115605504,8000000,True,0.016329734101072736,0.15695522436408596,0.006455450792320704,0.07789462059736252,0.9273501061847957,8.042242239286892
blk.37.attn_k.weight,attn_k,37,Q4_0,22020096,8000000,True,0.016323638568657105,0.1678425891686228,0.006405015061112136,0.07281494140625,0.9231684497301366,7.750978295975354
blk.37.attn_output.weight,attn_o,37,Q4_0,44040192,8000000,True,0.015313624623545196,0.15056828550183166,0.005949135716348352,0.0671844482421875,0.9300483326609822,8.222664948153426
blk.37.attn_q.weight,attn_q,37,Q4_0,44040192,8000000,True,0.01650914485064703,0.1561033762036278,0.006161355645409614,0.12116940319538116,0.9276644633526268,8.065877039154877
blk.37.attn_v.weight,attn_v,37,Q4_0,22020096,8000000,True,0.016683373707021904,0.15961253069961626,0.006399714125252896,0.084686279296875,0.9264591194788615,7.969330164935972
blk.37.ffn_down.weight,ffn_down,37,Q4_0,115605504,8000000,True,0.011832884135654574,0.15294439343561425,0.004597804642533562,0.03894731029868126,0.9288089284754419,8.154664385524855
blk.37.ffn_gate.weight,ffn_gate,37,Q4_0,115605504,8000000,True,0.01643588883290297,0.15366113475435497,0.006461077535288729,0.06923966109752655,0.9285756111493043,8.134359639649578
blk.37.ffn_up.weight,ffn_up,37,Q4_0,115605504,8000000,True,0.016417625778357956,0.15344858610816156,0.006435152606672199,0.06058470159769058,0.9287291841009471,8.140371088499649
blk.38.attn_k.weight,attn_k,38,Q4_0,22020096,8000000,True,0.01628586116200486,0.16127589637465917,0.006504596649350047,0.06491218507289886,0.9256547000256894,7.9243053560978405
blk.38.attn_output.weight,attn_o,38,Q4_0,44040192,8000000,True,0.015261299129492102,0.1502159486956237,0.00586071893643277,0.0681781992316246,0.930135372645319,8.232839550629144
blk.38.attn_q.weight,attn_q,38,Q4_0,44040192,8000000,True,0.0165067331907917,0.15807165743861532,0.006515518178638984,0.0658111572265625,0.9269180918662793,8.01145992948639
blk.38.attn_v.weight,attn_v,38,Q4_0,22020096,8000000,True,0.01643376836435685,0.1621971333103338,0.006635106501789526,0.07430299371480942,0.9255520262691814,7.8995682582464894
blk.38.ffn_down.weight,ffn_down,38,Q4_0,115605504,8000000,True,0.012458094610906705,0.15579361787361984,0.004900576362795475,0.06923966109752655,0.9277645299925532,8.074503372863113
blk.38.ffn_gate.weight,ffn_gate,38,Q4_0,115605504,8000000,True,0.01599575563905835,0.15513721327420782,0.0062949199456363205,0.07789462059736252,0.9280002446226613,8.092840140424329
blk.38.ffn_up.weight,ffn_up,38,Q4_0,115605504,8000000,True,0.015955146834763706,0.15518753478690445,0.006298862245946564,0.07789462059736252,0.9280733017726387,8.09143165749712
blk.39.attn_k.weight,attn_k,39,Q4_0,22020096,8000000,True,0.015760107514577206,0.15753480861944422,0.006146441931620287,0.058563232421875,0.9270970196993253,8.026234703119044
blk.39.attn_output.weight,attn_o,39,Q4_0,44040192,8000000,True,0.014384440604322306,0.15041270408267743,0.005561421958829852,0.05369481444358826,0.9300282286671997,8.227154810316264
blk.39.attn_q.weight,attn_q,39,Q4_0,44040192,8000000,True,0.01603276906615416,0.15776264238872487,0.0062943922834490275,0.06134548783302307,0.9270262847631364,8.019958282824803
blk.39.attn_v.weight,attn_v,39,Q4_0,22020096,8000000,True,0.01627155750759136,0.158461581542976,0.006360400497980247,0.06434222683310509,0.9268695977016933,8.000760138646909
blk.39.ffn_down.weight,ffn_down,39,Q4_0,115605504,8000000,True,0.012089592787463362,0.15369434926930714,0.004700963637123643,0.04327479004859924,0.9285522409208832,8.133420994896595
blk.39.ffn_gate.weight,ffn_gate,39,Q4_0,115605504,8000000,True,0.016573631455380922,0.15632904192576924,0.006431719910177669,0.06491218507289886,0.927614083150703,8.05960333711649
blk.39.ffn_up.weight,ffn_up,39,Q4_0,115605504,8000000,True,0.016581597493979066,0.15630500044818954,0.0065346331536818335,0.06491218507289886,0.9276283866273951,8.060271279800592
blk.40.attn_k.weight,attn_k,40,Q4_0,22020096,8000000,True,0.0171203914557984,0.15903767432817614,0.00675348487549816,0.0668812021613121,0.9266520661404908,7.984999837630646
blk.40.attn_output.weight,attn_o,40,Q4_0,44040192,8000000,True,0.014922990452196108,0.15101576470762915,0.005770965854600666,0.05598363280296326,0.929790016374923,8.209777138448345
blk.40.attn_q.weight,attn_q,40,Q4_0,44040192,8000000,True,0.017236742476585215,0.15741179861385987,0.006791675442339139,0.09520453214645386,0.9272181677379923,8.029627187313743
blk.40.attn_v.weight,attn_v,40,Q4_0,22020096,8000000,True,0.017172594295974966,0.16177237892405658,0.006989664248043154,0.0710010752081871,0.9255307861182684,7.910956279949559
blk.40.ffn_down.weight,ffn_down,40,Q4_0,115605504,8000000,True,0.011934657514842373,0.15748799321868423,0.004698876145662978,0.04327479004859924,0.9270831616928998,8.027525509387619
blk.40.ffn_gate.weight,ffn_gate,40,Q4_0,115605504,8000000,True,0.01733042650348018,0.16047405052939584,0.0070233428148256645,0.07354005426168442,0.9259097038137614,7.9459518520943595
blk.40.ffn_up.weight,ffn_up,40,Q4_0,115605504,8000000,True,0.01721888520615885,0.1566037815337099,0.006833155387380431,0.08654958009719849,0.9274980016495513,8.051977551810463
blk.41.attn_k.weight,attn_k,41,Q4_0,11010048,8000000,True,0.016966120732711632,0.18186018265429374,0.007114221319345492,0.05699673295021057,0.917996449882212,7.402623770576419
blk.41.attn_output.weight,attn_o,41,Q4_0,88080384,8000000,True,0.013456023602392895,0.1558823453207837,0.005298055677352287,0.05346593260765076,0.9279142081165728,8.072030686721861
blk.41.attn_q.weight,attn_q,41,Q4_0,88080384,8000000,True,0.01699928980370144,0.15664720283260714,0.006669662100702482,0.0723743662238121,0.9275761954783082,8.050773556830714
blk.41.ffn_down.weight,ffn_down,41,Q4_0,115605504,8000000,True,0.01219694141107102,0.1558692506556298,0.0047828285592443785,0.0562572255730629,0.927676883462988,8.072395524682307
blk.41.ffn_gate.weight,ffn_gate,41,Q4_0,115605504,8000000,True,0.016637974033445423,0.1571893518559308,0.00662851378552855,0.07789462059736252,0.927184653413985,8.035768767879576
blk.41.ffn_up.weight,ffn_up,41,Q4_0,115605504,8000000,True,0.016607994722839102,0.15450006189677795,0.006524809483862949,0.06923966109752655,0.9282663805855034,8.11071342249349
blk.42.attn_k.weight,attn_k,42,Q4_0,22020096,8000000,True,0.016631218218980427,0.16335561217215075,0.0066607954283706755,0.07270082086324692,0.9249525598310423,7.868659405057885
blk.42.attn_output.weight,attn_o,42,Q4_0,44040192,8000000,True,0.015082833587105661,0.15057012220613059,0.005821184919420212,0.05692043900489807,0.9300060739464651,8.222611971148734
blk.42.attn_q.weight,attn_q,42,Q4_0,44040192,8000000,True,0.01662603413620402,0.16023495030107004,0.006505398595624998,0.0687885507941246,0.9260998631860266,7.952427500034003
blk.42.attn_v.weight,attn_v,42,Q4_0,22020096,8000000,True,0.01725870733396067,0.16376406391998322,0.007045669922264424,0.08340324461460114,0.9251134363196349,7.857813928899795
blk.42.ffn_down.weight,ffn_down,42,Q4_0,115605504,8000000,True,0.01278177129897254,0.15260630749889822,0.00497351719553751,0.0562572255730629,0.9290651854200187,8.164275158218006
blk.42.ffn_gate.weight,ffn_gate,42,Q4_0,115605504,8000000,True,0.017516960914787282,0.1524777032201882,0.006811346323218476,0.06923966109752655,0.9290705713719821,8.167936584575255
blk.42.ffn_up.weight,ffn_up,42,Q4_0,115605504,8000000,True,0.017523306504423214,0.15109244344635556,0.006808799333058089,0.0562572255730629,0.9296409885144746,8.207572553936936
blk.43.attn_k.weight,attn_k,43,Q4_0,22020096,8000000,True,0.016775648997229612,0.15876796552941505,0.006631072915708176,0.06586810573935509,0.9267585885275703,7.992371202795585
blk.43.attn_output.weight,attn_o,43,Q4_0,44040192,8000000,True,0.015037244898928041,0.14978529758572767,0.0058536465732203025,0.0562572255730629,0.9304763400744959,8.245308134106011
blk.43.attn_q.weight,attn_q,43,Q4_0,44040192,8000000,True,0.016670881343503155,0.15104056302493649,0.006539089410262455,0.0698566660284996,0.92976084373263,8.209064041492415
blk.43.attn_v.weight,attn_v,43,Q4_0,22020096,8000000,True,0.017258381569569853,0.1642531377785938,0.006786935948502166,0.07758363336324692,0.9253668897427243,7.84486325226858
blk.43.ffn_down.weight,ffn_down,43,Q4_0,115605504,8000000,True,0.012575510119988515,0.15174162048984868,0.004879745398228331,0.03894731029868126,0.9293743500212012,8.188952822988306
blk.43.ffn_gate.weight,ffn_gate,43,Q4_0,115605504,8000000,True,0.01778778191081562,0.15204631616526304,0.006903358212811557,0.07789462059736252,0.9292180262187476,8.180240976407267
blk.43.ffn_up.weight,ffn_up,43,Q4_0,115605504,8000000,True,0.017845396246721025,0.1507291845640601,0.006914561317528631,0.04760226607322693,0.9297827303974887,8.218026503529485
blk.44.attn_k.weight,attn_k,44,Q4_0,22020096,8000000,True,0.016790139001257184,0.15352696816587977,0.006579431365969693,0.06923966109752655,0.9287448582649402,8.1381532639587
blk.44.attn_output.weight,attn_o,44,Q4_0,44040192,8000000,True,0.015394311087072315,0.1490000577215112,0.005931227563978261,0.05927630886435509,0.9306920438700591,8.268135633452498
blk.44.attn_q.weight,attn_q,44,Q4_0,44040192,8000000,True,0.01655538535845232,0.15058822217790094,0.006505826075585344,0.0670337900519371,0.9298971264736053,8.222089938934218
blk.44.attn_v.weight,attn_v,44,Q4_0,22020096,8000000,True,0.01747299235377287,0.14904306240902987,0.006641363874085566,0.08164848387241364,0.9312048048876591,8.266882345095647
blk.44.ffn_down.weight,ffn_down,44,Q4_0,115605504,8000000,True,0.012120362239480332,0.15167673318463581,0.004713196942172613,0.04760226607322693,0.9293644733049,8.19081033745227
blk.44.ffn_gate.weight,ffn_gate,44,Q4_0,115605504,8000000,True,0.016266743805021442,0.15155861237236937,0.006335183416147224,0.06923966109752655,0.9295150661714946,8.194193796558311
blk.44.ffn_up.weight,ffn_up,44,Q4_0,115605504,8000000,True,0.016442404186189464,0.15019625606398618,0.006366380606077604,0.03848664090037346,0.9300352376576217,8.233408928379522
blk.45.attn_k.weight,attn_k,45,Q4_0,22020096,8000000,True,0.01619149761688892,0.15753288650361588,0.006514145653149703,0.06058470159769058,0.9272157676904571,8.026287692639123
blk.45.attn_output.weight,attn_o,45,Q4_0,44040192,8000000,True,0.015222125495332204,0.15018913028452177,0.005892228882996552,0.06182452663779259,0.9300259732103388,8.233614976132966
blk.45.attn_q.weight,attn_q,45,Q4_0,44040192,8000000,True,0.016113465545682368,0.16448190993790773,0.0064416433744479105,0.0721282958984375,0.9245463074656786,7.838818596967455
blk.45.attn_v.weight,attn_v,45,Q4_0,22020096,8000000,True,0.01669993538547587,0.1527023315421467,0.006627530812910326,0.07376893609762192,0.9300084092590062,8.161543318488944
blk.45.ffn_down.weight,ffn_down,45,Q4_0,115605504,8000000,True,0.012042216248376572,0.15126360091064892,0.00466453139826042,0.05192974582314491,0.9295224054305378,8.202655652052133
blk.45.ffn_gate.weight,ffn_gate,45,Q4_0,115605504,8000000,True,0.017852846403202016,0.1516703278910342,0.00695947513895959,0.06491218507289886,0.9293878770629864,8.190993743459678
blk.45.ffn_up.weight,ffn_up,45,Q4_0,115605504,8000000,True,0.017823240171812135,0.1508042421624018,0.006918526951634432,0.06058470159769058,0.9297257840873393,8.215864414781192
blk.46.attn_k.weight,attn_k,46,Q4_0,22020096,8000000,True,0.015462028525214066,0.15974602104215985,0.0059621946087250795,0.0700092539191246,0.9264126326948103,7.965699504525327
blk.46.attn_output.weight,attn_o,46,Q4_0,44040192,8000000,True,0.01442634357325656,0.1529676320174055,0.005639244191896785,0.05645751953125,0.9290187585185539,8.154004562633377
blk.46.attn_q.weight,attn_q,46,Q4_0,44040192,8000000,True,0.015334586396605163,0.15093193216491463,0.006017161920064745,0.06923966109752655,0.9298826330165401,8.212188682700374
blk.46.attn_v.weight,attn_v,46,Q4_0,22020096,8000000,True,0.01604448904115013,0.16063791137631,0.006444024405906184,0.07224305719137192,0.9267898459451326,7.941519512210822
blk.46.ffn_down.weight,ffn_down,46,Q4_0,115605504,8000000,True,0.012335431917544331,0.15094381837954648,0.004780741076525824,0.04760226607322693,0.929707889717734,8.211846679911565
blk.46.ffn_gate.weight,ffn_gate,46,Q4_0,115605504,8000000,True,0.01686315021385698,0.15075452348384866,0.0065802422950919925,0.0562572255730629,0.92980535777725,8.217296477145059
blk.46.ffn_up.weight,ffn_up,46,Q4_0,115605504,8000000,True,0.01688819454371065,0.15041785751965578,0.006575698040160668,0.04760226607322693,0.929915487286386,8.22700601497906
blk.47.attn_k.weight,attn_k,47,Q4_0,11010048,8000000,True,0.015749613350700516,0.1676182004303852,0.006247731093634914,0.0488433837890625,0.9234034970919354,7.756788262944562
blk.47.attn_output.weight,attn_o,47,Q4_0,88080384,8000000,True,0.012147660504864113,0.15398198515855374,0.00475104638535383,0.05192974582314491,0.9286277094144783,8.125300856822193
blk.47.attn_q.weight,attn_q,47,Q4_0,88080384,8000000,True,0.015401041232879208,0.1513961995253217,0.005868839626459901,0.06058470159769058,0.9297876848218963,8.198850267243056
blk.47.ffn_down.weight,ffn_down,47,Q4_0,115605504,8000000,True,0.012224005344748592,0.1504666701066815,0.0047327901553536,0.03894731029868126,0.9298879151992725,8.225596900489464
blk.47.ffn_gate.weight,ffn_gate,47,Q4_0,115605504,8000000,True,0.01667618243620811,0.1514661154079273,0.00649779100855072,0.0562572255730629,0.9295123870422515,8.196845126223181
blk.47.ffn_up.weight,ffn_up,47,Q4_0,115605504,8000000,True,0.01666101849209355,0.15074525422308388,0.0064671403043048085,0.0562572255730629,0.9298160241866159,8.217563514741792
blk.48.attn_k.weight,attn_k,48,Q4_0,22020096,8000000,True,0.015205630801240166,0.15948702454153132,0.006041242576527828,0.06491218507289886,0.926481770284036,7.972746442634674
blk.48.attn_output.weight,attn_o,48,Q4_0,44040192,8000000,True,0.014850218313847013,0.15048068419037333,0.005792017261265465,0.06187954545021057,0.9301141636520015,8.225192428469107
blk.48.attn_q.weight,attn_q,48,Q4_0,44040192,8000000,True,0.015084782370184138,0.1512159644402896,0.005870328251680909,0.06058470159769058,0.9296804413697082,8.204023563062018
blk.48.attn_v.weight,attn_v,48,Q4_0,22020096,8000000,True,0.01631830860431725,0.1567299231496632,0.006412889637026005,0.08266158401966095,0.9283733832316671,8.048480793569164
blk.48.ffn_down.weight,ffn_down,48,Q4_0,115605504,8000000,True,0.012042366088151008,0.15026688184942308,0.004665393558198237,0.05192974582314491,0.9299453543902049,8.231367254337691
blk.48.ffn_gate.weight,ffn_gate,48,Q4_0,115605504,8000000,True,0.016318408739049918,0.15042431829735095,0.006337439424052,0.05192974582314491,0.9299348297260496,8.226819479956527
blk.48.ffn_up.weight,ffn_up,48,Q4_0,115605504,8000000,True,0.016317628894344603,0.15016929293973352,0.006328395570242719,0.03894731029868126,0.9300566087879008,8.23418864070992
blk.49.attn_k.weight,attn_k,49,Q4_0,22020096,8000000,True,0.016089726536684886,0.15414955926045515,0.0062877781373266595,0.0661182627081871,0.9287651171532536,8.120577126567458
blk.49.attn_output.weight,attn_o,49,Q4_0,44040192,8000000,True,0.014758121289655056,0.15050843355447413,0.00570995517240581,0.06035366654396057,0.9299568010942442,8.224391642325758
blk.49.attn_q.weight,attn_q,49,Q4_0,44040192,8000000,True,0.015820532985523373,0.1504602793822339,0.006453916723485212,0.04907140135765076,0.9302069788510565,8.225781360961886
blk.49.attn_v.weight,attn_v,49,Q4_0,22020096,8000000,True,0.016736270894618942,0.1519843211183485,0.0064691820128083425,0.0730610117316246,0.929867604024509,8.182012120749432
blk.49.ffn_down.weight,ffn_down,49,Q4_0,115605504,8000000,True,0.01190713365874118,0.15013049649877233,0.004610795027191367,0.04760226607322693,0.9299835810994663,8.235310791368246
blk.49.ffn_gate.weight,ffn_gate,49,Q4_0,115605504,8000000,True,0.017155192945292948,0.15108785219178147,0.006676903142872196,0.06157436966896057,0.9296410013702816,8.20770452525045
blk.49.ffn_up.weight,ffn_up,49,Q4_0,115605504,8000000,True,0.01705097605517748,0.15058727722791457,0.006630871872092313,0.0562572255730629,0.929881613212699,8.222117191254911
blk.50.attn_k.weight,attn_k,50,Q4_0,22020096,8000000,True,0.016260532116568274,0.1517076709906096,0.00633124748091718,0.07613404840230942,0.9294877278988363,8.18992458866108
blk.50.attn_output.weight,attn_o,50,Q4_0,44040192,8000000,True,0.014655079595891464,0.15118458204103236,0.005717680496178806,0.06126919388771057,0.9298284364251568,8.204924963739618
blk.50.attn_q.weight,attn_q,50,Q4_0,44040192,8000000,True,0.01588712198427668,0.15068237890738082,0.006195486809696183,0.0559234619140625,0.9298683739553335,8.2193753196364
blk.50.attn_v.weight,attn_v,50,Q4_0,22020096,8000000,True,0.01708282638318732,0.1478842985332216,0.006568027624424014,0.072509765625,0.9313398087485649,8.300779343355638
blk.50.ffn_down.weight,ffn_down,50,Q4_0,115605504,8000000,True,0.012871749548945993,0.14983062335349728,0.004977115249544597,0.06491218507289886,0.9302288082375789,8.243994136444016
blk.50.ffn_gate.weight,ffn_gate,50,Q4_0,115605504,8000000,True,0.016787337527461005,0.1527287287779589,0.006567704770812482,0.07789462059736252,0.9290120417981697,8.16079263033907
blk.50.ffn_up.weight,ffn_up,50,Q4_0,115605504,8000000,True,0.016598865082125918,0.1504570019478767,0.006445852797664401,0.04327479004859924,0.9299385482991553,8.225875963149564
blk.51.attn_k.weight,attn_k,51,Q4_0,22020096,8000000,True,0.01649171536735071,0.1541281320965996,0.0064732601389202735,0.06923966109752655,0.9284383060726468,8.121180848426107
blk.51.attn_output.weight,attn_o,51,Q4_0,44040192,8000000,True,0.014136749537895175,0.15175065204462176,0.005521348565131706,0.05308446288108826,0.9295361421854548,8.188694341652399
blk.51.attn_q.weight,attn_q,51,Q4_0,44040192,8000000,True,0.01623625964452119,0.1537060519186178,0.006240724797470336,0.0698566660284996,0.9286245373426196,8.133090325450356
blk.51.attn_v.weight,attn_v,51,Q4_0,22020096,8000000,True,0.017122735983984155,0.14969963639170275,0.006547085681237964,0.076812744140625,0.930711309670718,8.24779254521803
blk.51.ffn_down.weight,ffn_down,51,Q4_0,115605504,8000000,True,0.01236682460891281,0.1493609744492558,0.004772577304003685,0.034619830548763275,0.930387214603975,8.257628616594454
blk.51.ffn_gate.weight,ffn_gate,51,Q4_0,115605504,8000000,True,0.016137769145649666,0.1534223886439172,0.006316695503188381,0.07958854734897614,0.9287367064813716,8.141112599761705
blk.51.ffn_up.weight,ffn_up,51,Q4_0,115605504,8000000,True,0.016188234797572035,0.15079184394179213,0.006265223669118142,0.05192974582314491,0.9298156798202445,8.216221480343203
blk.52.attn_k.weight,attn_k,52,Q4_0,22020096,8000000,True,0.015412301202907784,0.15124861867934106,0.006031898323155561,0.06923966109752655,0.9296647638333517,8.203085829741996
blk.52.attn_output.weight,attn_o,52,Q4_0,44040192,8000000,True,0.013549604481187572,0.15084093433680779,0.005252153182414054,0.06210842728614807,0.9298256131181964,8.214807861572744
blk.52.attn_q.weight,attn_q,52,Q4_0,44040192,8000000,True,0.015127957437239636,0.1504782172196668,0.005869789210387861,0.05699673295021057,0.929972358252781,8.225263627012154
blk.52.attn_v.weight,attn_v,52,Q4_0,22020096,8000000,True,0.015863603180268804,0.14568173739830462,0.005918414570860157,0.08218254148960114,0.9327366923662787,8.365948877925074
blk.52.ffn_down.weight,ffn_down,52,Q4_0,115605504,8000000,True,0.012416396776086304,0.1494483312929097,0.004797512119104624,0.04760226607322693,0.9304051671823611,8.255089298339826
blk.52.ffn_gate.weight,ffn_gate,52,Q4_0,115605504,8000000,True,0.01657686206749909,0.15405776736612156,0.006518420201420255,0.06923966109752655,0.9284863178245114,8.123164003057873
blk.52.ffn_up.weight,ffn_up,52,Q4_0,115605504,8000000,True,0.016461096929989483,0.1517496062643174,0.006420093242975601,0.05328884720802307,0.9294566436411766,8.188724270893184
blk.53.attn_k.weight,attn_k,53,Q4_0,11010048,8000000,True,0.017003684650562227,0.17190662873471652,0.007040809631936116,0.0586395263671875,0.9218374367728702,7.647073765566658
blk.53.attn_output.weight,attn_o,53,Q4_0,88080384,8000000,True,0.012849891304732294,0.15765310472421884,0.005081114807140332,0.05499181151390076,0.9273214733208426,8.02297472100859
blk.53.attn_q.weight,attn_q,53,Q4_0,88080384,8000000,True,0.015505135828471458,0.15281458502776799,0.005958134939525519,0.06380816921591759,0.9291187548711858,8.158351935692806
blk.53.ffn_down.weight,ffn_down,53,Q4_0,115605504,8000000,True,0.011800817161640005,0.14902135404098588,0.004557328785939578,0.07789462059736252,0.9306173649703441,8.267514948247785
blk.53.ffn_gate.weight,ffn_gate,53,Q4_0,115605504,8000000,True,0.017202448544792588,0.15073172362405898,0.006659594768860759,0.05192974582314491,0.9297572723604872,8.217953346465546
blk.53.ffn_up.weight,ffn_up,53,Q4_0,115605504,8000000,True,0.01722065765798906,0.15066443248704942,0.0066663788219596615,0.05192974582314491,0.9297966159583806,8.219892599463787
blk.54.attn_k.weight,attn_k,54,Q4_0,22020096,8000000,True,0.015687716688795577,0.1597334869713322,0.0061970586152576505,0.0562572255730629,0.9263142859024559,7.966040276165605
blk.54.attn_output.weight,attn_o,54,Q4_0,44040192,8000000,True,0.014298973290674291,0.14953890188087132,0.0055401526429856825,0.05605992674827576,0.9304217968361781,8.252458128616617
blk.54.attn_q.weight,attn_q,54,Q4_0,44040192,8000000,True,0.015363676392033088,0.16068108695240296,0.005794051224148494,0.06923966109752655,0.9259430977486756,7.9403523907732145
blk.54.attn_v.weight,attn_v,54,Q4_0,22020096,8000000,True,0.016525185885404702,0.15529744736307935,0.006347194802543736,0.0870361328125,0.9283905487301684,8.08835682746908
blk.54.ffn_down.weight,ffn_down,54,Q4_0,115605504,8000000,True,0.012588727636859755,0.14884595009274318,0.004861663597327434,0.03894731029868126,0.9306924942345444,8.272629774519336
blk.54.ffn_gate.weight,ffn_gate,54,Q4_0,115605504,8000000,True,0.017021370151692358,0.15060754237561108,0.006617374491501786,0.06923966109752655,0.9298149217809447,8.22153278267548
blk.54.ffn_up.weight,ffn_up,54,Q4_0,115605504,8000000,True,0.01706709097650644,0.15005209976108463,0.006610767179985012,0.04327479004859924,0.9300640429085874,8.23757922876437
blk.55.attn_k.weight,attn_k,55,Q4_0,22020096,8000000,True,0.015256236562126121,0.1518463012287289,0.006055828435686159,0.05377110838890076,0.9294356177745178,8.185957824452025
blk.55.attn_output.weight,attn_o,55,Q4_0,44040192,8000000,True,0.013792279407685527,0.14967182773000887,0.0053338518009821865,0.05285558104515076,0.9303879343829325,8.248599378854825
blk.55.attn_q.weight,attn_q,55,Q4_0,44040192,8000000,True,0.015035609455923686,0.15079444712987766,0.005836680174084128,0.05201634764671326,0.9298372507750887,8.21614650676155
blk.55.attn_v.weight,attn_v,55,Q4_0,22020096,8000000,True,0.015635642970228177,0.15074966343165408,0.0061585400841786125,0.09520453214645386,0.9301736091483015,8.217436488059775
blk.55.ffn_down.weight,ffn_down,55,Q4_0,115605504,8000000,True,0.011416805407123181,0.14979107221023583,0.004423930646422207,0.06923966109752655,0.9302347356698625,8.245140705175553
blk.55.ffn_gate.weight,ffn_gate,55,Q4_0,115605504,8000000,True,0.016213001361797805,0.1517446730813581,0.006340800872799041,0.07704957574605942,0.9293965596201292,8.188865456693605
blk.55.ffn_up.weight,ffn_up,55,Q4_0,115605504,8000000,True,0.016106846018776818,0.15068362972070423,0.006251219017036315,0.04760226607322693,0.9298974039527247,8.2193392690329
blk.56.attn_k.weight,attn_k,56,Q4_0,22020096,8000000,True,0.015515772956421604,0.15994439502594296,0.006067198382044117,0.06491218507289886,0.926198952306436,7.960309744104775
blk.56.attn_output.weight,attn_o,56,Q4_0,44040192,8000000,True,0.013839570850127368,0.1509843291457572,0.005430151464398682,0.05737820267677307,0.9298249788986532,8.210681263406162
blk.56.attn_q.weight,attn_q,56,Q4_0,44040192,8000000,True,0.01528557140227176,0.15253438803530378,0.005751531265517971,0.06923966109752655,0.9290998495257938,8.166322359867342
blk.56.attn_v.weight,attn_v,56,Q4_0,22020096,8000000,True,0.01603178799544514,0.15724654046122055,0.006439896155336422,0.1005859375,0.9275960620620256,8.034189005735
blk.56.ffn_down.weight,ffn_down,56,Q4_0,115605504,8000000,True,0.011966882472053214,0.14935590470580196,0.004630412567633252,0.03894731029868126,0.9304372347769838,8.25777603120411
blk.56.ffn_gate.weight,ffn_gate,56,Q4_0,115605504,8000000,True,0.015616509298708869,0.15264604632744894,0.006103340354562087,0.07483705133199692,0.9290564834857499,8.163144398449045
blk.56.ffn_up.weight,ffn_up,56,Q4_0,115605504,8000000,True,0.015717813082031778,0.150497596183408,0.006096552272747094,0.04327479004859924,0.9299543795835016,8.224704367652787
blk.57.attn_k.weight,attn_k,57,Q4_0,22020096,8000000,True,0.015151567185796173,0.16606245401536987,0.006155293793282104,0.0709247812628746,0.9239318351319094,7.7972854850683735
blk.57.attn_output.weight,attn_o,57,Q4_0,44040192,8000000,True,0.013896262565590041,0.1499030558569812,0.005415602297563307,0.0445098876953125,0.9302071511952886,8.241895137274573
blk.57.attn_q.weight,attn_q,57,Q4_0,44040192,8000000,True,0.014941981041409839,0.15539352764502176,0.006045020015598241,0.0835418701171875,0.927956651937907,8.085670741232015
blk.57.attn_v.weight,attn_v,57,Q4_0,22020096,8000000,True,0.01593543006291377,0.16297131706237236,0.006208364276399861,0.09285122901201248,0.9254049041002501,7.878888246615247
blk.57.ffn_down.weight,ffn_down,57,Q4_0,115605504,8000000,True,0.011309297113616662,0.14961299195587455,0.00438525150284134,0.03894731029868126,0.9303937447887755,8.25030691967838
blk.57.ffn_gate.weight,ffn_gate,57,Q4_0,115605504,8000000,True,0.016055816528897125,0.1528512973618082,0.006306939023425254,0.06923966109752655,0.9290376449207668,8.157308707443486
blk.57.ffn_up.weight,ffn_up,57,Q4_0,115605504,8000000,True,0.016470733374755103,0.15068134707846395,0.006393738625151111,0.04760226607322693,0.9298580130843329,8.219405058955783
blk.58.attn_k.weight,attn_k,58,Q4_0,22020096,8000000,True,0.015675697238982902,0.15164026074810033,0.006549112723939636,0.05192974582314491,0.9295806070924836,8.191854774679468
blk.58.attn_output.weight,attn_o,58,Q4_0,44040192,8000000,True,0.014073789632528547,0.1498648389395002,0.005437980234712933,0.05192974582314491,0.9301764392700174,8.243002487111255
blk.58.attn_q.weight,attn_q,58,Q4_0,44040192,8000000,True,0.015388321477224418,0.1517690288832689,0.006425508752318815,0.072967529296875,0.9295652135251646,8.188168447607925
blk.58.attn_v.weight,attn_v,58,Q4_0,22020096,8000000,True,0.01585979297576041,0.15678789973408397,0.0063933328885103936,0.09987027198076248,0.9278800573539318,8.046874574774394
blk.58.ffn_down.weight,ffn_down,58,Q4_0,115605504,8000000,True,0.011281693211764369,0.15032025060624182,0.0043861338136928505,0.03029235079884529,0.9300291003913096,8.229825088733556
blk.58.ffn_gate.weight,ffn_gate,58,Q4_0,115605504,8000000,True,0.015625297353228422,0.15108580471417693,0.006017215085246223,0.05192974582314491,0.9297058605889318,8.20776337936994
blk.58.ffn_up.weight,ffn_up,58,Q4_0,115605504,8000000,True,0.016461512577142717,0.15050727561278412,0.00634700574935718,0.05039289966225624,0.9299503545237814,8.224425055046158
blk.59.attn_k.weight,attn_k,59,Q4_0,11010048,8000000,True,0.015898054390711965,0.15562197900261832,0.006410515156126107,0.060791015625,0.9280441921958443,8.079290661801222
blk.59.attn_output.weight,attn_o,59,Q4_0,88080384,8000000,True,0.011127994137356571,0.1608270648065487,0.004424801250192868,0.041216351091861725,0.9260412643795233,7.936408641257362
blk.59.attn_q.weight,attn_q,59,Q4_0,88080384,8000000,True,0.015341158646351119,0.1515754016325316,0.006032185380925602,0.05192974582314491,0.9295105441521421,8.19371272332243
blk.59.ffn_down.weight,ffn_down,59,Q4_0,115605504,8000000,True,0.011653297902424706,0.1561447896205341,0.004577629287308649,0.05192974582314491,0.9277517564299921,8.064725031200105
blk.59.ffn_gate.weight,ffn_gate,59,Q4_0,115605504,8000000,True,0.016208919044452187,0.14944947327437846,0.006303022358189407,0.041292645037174225,0.9304111306613958,8.255056112666143
blk.59.ffn_up.weight,ffn_up,59,Q4_0,115605504,8000000,True,0.016809098643442846,0.150338727936122,0.006541293300820409,0.03745667263865471,0.9300254288897856,8.229291287783637
